INSERT INTO regions 
VALUES(1,'Guadeloupe'),
(2,'Martinique'),
(3,'Guyane'),
(4,'La Réunion'),
(6,'Mayotte'),
(11,'Île-de-France'),
(24,'Centre-Val de Loire'),
(27,'Bourgogne-Franche-Comté'),
(28,'Normandie'),
(32,'Hauts-de-France'),
(44,'Grand Est'),
(52,'Pays de la Loire'),
(53,'Bretagne'),
(75,'Nouvelle-Aquitaine'),
(76,'Occitanie'),
(84,'Auvergne-Rhône-Alpes'),
(93,'Provence-Alpes-Côte d''Azur'),
(94,'Corse');

INSERT INTO depts 
VALUES(80,'Somme',32),
(59,'Nord',32),
(50,'Manche',28),
(14,'Calvados',28),
(76,'Seine-Maritime',28),
(51,'Marne',44),
(29,'Finistère',53),
(22,'Côtes-d''Armor',53),
(35,'Ille-et-Vilaine',53),
(61,'Orne',28),
(91,'Essonne',11),
(10,'Aube',44),
(54,'Meurthe-et-Moselle',44),
(67,'Bas-Rhin',44),
(56,'Morbihan',53),
(44,'Loire-Atlantique',52),
(37,'Indre-et-Loire',24),
(18,'Cher',24),
(21,'Côte-d''Or',27),
(68,'Haut-Rhin',44),
(17,'Charente-Maritime',75),
(86,'Vienne',75),
(87,'Haute-Vienne',75),
(63,'Puy-de-Dôme',84),
(43,'Haute-Loire',84),
(69,'Rhône',84),
(33,'Gironde',75),
(46,'Lot',76),
(12,'Aveyron',76),
(26,'Drôme',84),
(5,'Hautes-Alpes',93),
(40,'Landes',75),
(65,'Hautes-Pyrénées',76),
(9,'Ariège',76),
(31,'Haute-Garonne',76),
(34,'Hérault',76),
(13,'Bouches-du-Rhône',93),
(83,'Var',93),
(6,'Alpes-Maritimes',93),
(66,'Pyrénées-Orientales',76),
('2a','Corse-du-Sud',94),
('2b','Haute-Corse',94),
(974,'La Réunion',4),
(976,'Mayotte',6),
(971,'Guadeloupe',1),
(972,'Martinique',2),
(973,'Guyane',3);

INSERT INTO epcis 
VALUES(200070993,'CA de la Baie de Somme',80),
(245900410,'Métropole Européenne de Lille',59),
(200067205,'CA du Cotentin',50),
(200065597,'CU Caen la Mer',14),
(200023414,'Métropole Rouen Normandie',76),
(200067213,'CU du Grand Reims',51),
(242900314,'Brest Métropole',29),
(200065928,'CA Lannion-Trégor Communauté',22),
(243500139,'Rennes Métropole',35),
(246100663,'CU d''Alençon',61),
(200054781,'Métropole du Grand Paris',91),
(200069250,'CA Troyes Champagne Métropole',10),
(245400510,'CC du Pays de Colombey et du Sud Toulois',54),
(246700488,'Eurométropole de Strasbourg',67),
(245600465,'CC de Belle Ile en Mer',56),
(244400404,'Nantes Métropole',44),
(243700754,'Tours Métropole Val de Loire',37),
(241800507,'CA Bourges Plus',18),
(242100410,'Dijon Métropole',21),
(200066058,'CA Saint-Louis Agglomération',68),
(241700624,'CC de l''Ile d''Oléron',17),
(200069854,'CU du Grand Poitiers',86),
(248719312,'CU Limoges Métropole',87),
(246300701,'Clermont Auvergne Métropole',63),
(200073419,'CA du Puy-en-Velay',43),
(246900575,'CC de l''Est Lyonnais (CCEL)',69),
(243300316,'Bordeaux Métropole',33),
(244600482,'CC Quercy - Bouriane',46),
(241200567,'CC de Millau Grands Causses',12),
(200040459,'CA Montélimar Agglomération',26),
(200067742,'CC Serre-Ponçon',5),
(244000808,'CA Mont de Marsan Agglomération',40),
(200069300,'CA Tarbes-Lourdes-Pyrénées',65),
(200067940,'CC Couserans-Pyrénées',9),
(243100518,'Toulouse Métropole',31),
(243400470,'CA du Pays de l''Or',34),
(200054807,'Métropole d''Aix-Marseille-Provence',13),
(248300543,'Métropole Toulon-Provence-Méditerranée',83),
(200030195,'Métropole Nice Côte d''Azur',6),
(200027183,'CU Perpignan Méditerranée Métropole',66),
(242010056,'CA du Pays Ajaccien','2a'),
(200036499,'CC de Marana-Golo','2b'),
(249740119,'CA Intercommunale du Nord de la Réunion (CINOR)',974),
(200050532,'CC de Petite-Terre',976),
(200041507,'CA La Riviéra du Levant',971),
(200018653,'CA CAP Excellence',971),
(200041788,'CA du Pays Nord Martinique',972),
(249720061,'CA du Centre de la Martinique',972),
(249730037,'CC de l''Ouest Guyanais',973),
(249730045,'CA du Centre Littoral',973),
(249730052,'CC de l''Est Guyanais',973);

INSERT INTO villes 
VALUES(80001,'Abbeville',200070993),
(59256,'Fretin',245900410),
(50041,'La Hague',200067205),
(14137,'Carpiquet',200065597),
(76116,'Boos',200023414),
(51449,'Prunay',200067213),
(29075,'Guipavas',242900314),
(22168,'Perros-Guirec',200065928),
(35281,'Saint-Jacques-de-la-Lande',243500139),
(61077,'Cerisé',246100663),
(91027,'Athis-Mons',200054781),
(10030,'Barberey-Saint-Sulpice',200069250),
(54523,'Thuilley-aux-Groseilles',245400510),
(67212,'Holtzheim',246700488),
(56009,'Bangor',245600465),
(44150,'Saint-Aignan-Grandlieu',244400404),
(37179,'Parçay-Meslay',243700754),
(18033,'Bourges',241800507),
(21473,'Ouges',242100410),
(68042,'Blotzheim',200066058),
(17323,'Saint-Denis-d''Oléron',241700624),
(86194,'Poitiers',200069854),
(87085,'Limoges',248719312),
(63113,'Clermont-Ferrand',246300701),
(43062,'Chaspuzac',200073419),
(69299,'Colombier-Saugnieu',246900575),
(33281,'Mérignac',243300316),
(46127,'Gourdon',244600482),
(12145,'Millau',241200567),
(26198,'Montélimar',200040459),
(5046,'Embrun',200067742),
(40192,'Mont-de-Marsan',244000808),
(65284,'Louey',200069300),
(9289,'Lorp-Sentaraille',200067940),
(31069,'Blagnac',243100518),
(34154,'Mauguio',243400470),
(13054,'Marignane',200054807),
(83153,'Saint-Mandrier-sur-Mer',248300543),
(6088,'Nice',200030195),
(66136,'Perpignan',200027183),
('2a004','Ajaccio',242010056),
('2b148','Lucciana',200036499),
(97418,'Sainte-Marie',249740119),
(97615,'Pamandzi',200050532),
(97110,'La Désirade',200041507),
(97101,'Les Abymes',200018653),
(97230,'La Trinité',200041788),
(97213,'Le Lamentin',249720061),
(97311,'Saint-Laurent-du-Maroni',249730037),
(97307,'Matoury',249730045),
(97308,'Saint-Georges',249730052),
(97353,'Maripasoula',249730037);

INSERT INTO stations 
VALUES(7005,'ABBEVILLE',50.13600000000000278,1.834000000000000074,80001),
(7015,'LILLE-LESQUIN',50.57000000000000028,3.097500000000000142,59256),
(7020,'PTE DE LA HAGUE',49.72516699999999901,-1.939832999999999919,50041),
(7027,'CAEN-CARPIQUET',49.17999999999999972,-0.4561669999999999892,14137),
(7037,'ROUEN-BOOS',49.38300000000000267,1.181667000000000022,76116),
(7072,'REIMS-PRUNAY',49.20966700000000315,4.155332999999999721,51449),
(7110,'BREST-GUIPAVAS',48.4441670000000002,-4.411999999999999922,29075),
(7117,'PLOUMANAC''H',48.82583300000000292,-3.473167000000000115,22168),
(7130,'RENNES-ST JACQUES',48.06883299999999793,-1.733999999999999986,35281),
(7139,'ALENCON',48.44550000000000267,0.110167000000000001,61077),
(7149,'ORLY',48.71683300000000116,2.384332999999999814,91027),
(7168,'TROYES-BARBEREY',48.32466699999999805,4.019999999999999573,10030),
(7181,'NANCY-OCHEY',48.58100000000000306,5.959832999999999715,54523),
(7190,'STRASBOURG-ENTZHEIM',48.54950000000000187,7.640333000000000041,67212),
(7207,'BELLE ILE-LE TALUT',47.29433300000000173,-3.218332999999999889,56009),
(7222,'NANTES-BOUGUENAIS',47.14999999999999858,-1.608832999999999958,44150),
(7240,'TOURS',47.4444999999999979,0.7273330000000000072,37179),
(7255,'BOURGES',47.05916700000000219,2.359833000000000069,18033),
(7280,'DIJON-LONGVIC',47.26783300000000309,5.088333000000000438,21473),
(7299,'BALE-MULHOUSE',47.61433300000000201,7.509999999999999787,68042),
(7314,'PTE DE CHASSIRON',46.04683299999999946,-1.411499999999999977,17323),
(7335,'POITIERS-BIARD',46.59383299999999651,0.3143329999999999735,86194),
(7434,'LIMOGES-BELLEGARDE',45.86116700000000179,1.175000000000000044,87085),
(7460,'CLERMONT-FD',45.78683300000000144,3.149332999999999939,63113),
(7471,'LE PUY-LOUDES',45.07450000000000045,3.764000000000000234,43062),
(7481,'LYON-ST EXUPERY',45.72650000000000147,5.077833000000000041,69299),
(7510,'BORDEAUX-MERIGNAC',44.83066699999999827,-0.6913329999999999754,33281),
(7535,'GOURDON',44.74499999999999745,1.396666999999998992,46127),
(7558,'MILLAU',44.11849999999999738,3.019499999999999851,12145),
(7577,'MONTELIMAR',44.58116700000000065,4.732999999999999652,26198),
(7591,'EMBRUN',44.5656669999999977,6.50233300000000014,5046),
(7607,'MONT-DE-MARSAN',43.90983299999999901,-0.5001670000000000282,40192),
(7621,'TARBES-OSSUN',43.18800000000000238,0,65284),
(7627,'ST GIRONS',43.00533300000000025,1.106832999999999956,9289),
(7630,'TOULOUSE-BLAGNAC',43.62100000000000221,1.378832999999999976,31069),
(7643,'MONTPELLIER',43.57699999999999819,3.963166999999999885,34154),
(7650,'MARIGNANE',43.43766699999999759,5.216000000000000191,13054),
(7661,'CAP CEPET',43.07933299999999833,5.940832999999999587,83153),
(7690,'NICE',43.64883300000000333,7.208999999999999631,6088),
(7747,'PERPIGNAN',42.73716699999999947,2.87283299999999997,66136),
(7761,'AJACCIO',41.91799999999999927,8.792666999999999789,'2a004'),
(7790,'BASTIA',42.54066699999999913,9.48516700000000057,'2b148'),
(61968,'GLORIEUSES',-11.58266700000000071,47.28966700000000145,NULL),
(61970,'JUAN DE NOVA',-17.05466699999999846,42.7120000000000033,NULL),
(61972,'EUROPA',-22.34416699999999878,40.34066700000000339,NULL),
(61976,'TROMELIN',-15.88766700000000042,54.52066700000000309,NULL),
(61980,'GILLOT-AEROPORT',-20.89249999999999829,55.52866699999999867,97418),
(61996,'NOUVELLE AMSTERDAM',-37.7951669999999993,77.56916699999999309,NULL),
(61997,'CROZET',-46.43249999999999745,51.85666700000000162,NULL),
(61998,'KERGUELEN',-49.35233300000000156,70.24333300000000691,NULL),
(67005,'PAMANDZI',-12.80550000000000032,45.28283299999999655,97615),
(71805,'ST-PIERRE',46.76633300000000303,-56.17916699999999964,NULL),
(78890,'LA DESIRADE METEO',16.33500000000000085,-61.00399999999999779,97110),
(78894,'ST-BARTHELEMY METEO',17.90149999999999863,-62.85216700000000145,NULL),
(78897,'LE RAIZET AERO',16.26399999999999935,-61.51633300000000303,97101),
(78922,'TRINITE-CARAVEL',14.77449999999999975,-60.8753329999999977,97230),
(78925,'LAMENTIN-AERO',14.59533300000000011,-60.99566699999999742,97213),
(81401,'SAINT LAURENT',5.485500000000000042,-54.03166699999999878,97311),
(81405,'CAYENNE-MATOURY',4.822333000000000424,-52.36533299999999969,97307),
(81408,'SAINT GEORGES',3.890667000000000097,-51.80466700000000201,97308),
(81415,'MARIPASOULA',3.640166999999999931,-54.02833300000000349,97353),
(89642,'DUMONT D''URVILLE',-66.66316700000000139,140.0010000000000047,NULL);